{
  "project_info": {
    "project_number": "863772196933",
    "project_id": "fir-d7e9c",
    "storage_bucket": "fir-d7e9c.appspot.com"
  },
  "client": [
    {
      "client_info": {
        "mobilesdk_app_id": "1:863772196933:android:950fe11d15ba2e65e7a32c",
        "android_client_info": {
          "package_name": "com.example.ejercicio2"
        }
      },
      "oauth_client": [
        {
          "client_id": "863772196933-rfalfcq3r07e9edoqdr1cnenol8ubkc0.apps.googleusercontent.com",
          "client_type": 3
        }
      ],
      "api_key": [
        {
          "current_key": "AIzaSyBSJ9VVDdjlZX-WPl0yJdHLY23lDFtBl_c"
        }
      ],
      "services": {
        "appinvite_service": {
          "other_platform_oauth_client": [
            {
              "client_id": "863772196933-rfalfcq3r07e9edoqdr1cnenol8ubkc0.apps.googleusercontent.com",
              "client_type": 3
            }
          ]
        }
      }
    }
  ],
  "configuration_version": "1"
}